{"cls_accuracy": 0.0, "data_time": 0.002596843522042036, "eta_seconds": 39123.46640698146, "iteration": 199, "loss_cls_b1": 6.634423732757568, "loss_cls_b2": 6.632349014282227, "loss_cls_b21": 6.6351048946380615, "loss_cls_b22": 6.603590726852417, "loss_cls_b3": 6.6207051277160645, "loss_cls_b31": 6.6486146450042725, "loss_cls_b32": 6.649026870727539, "loss_cls_b33": 6.630584478378296, "loss_triplet_b1": 7.051290988922119, "loss_triplet_b2": 7.049069881439209, "loss_triplet_b22": 9.534167289733887, "loss_triplet_b3": 7.008794784545898, "loss_triplet_b33": 11.251354217529297, "lr": 6.524e-05, "time": 0.9514835270820186, "total_loss": 94.89167594909668}
{"cls_accuracy": 0.0, "data_time": 0.0016081684734672308, "eta_seconds": 38908.09473994188, "iteration": 399, "loss_cls_b1": 6.620735168457031, "loss_cls_b2": 6.626852035522461, "loss_cls_b21": 6.600227355957031, "loss_cls_b22": 6.663973093032837, "loss_cls_b3": 6.616519451141357, "loss_cls_b31": 6.575621604919434, "loss_cls_b32": 6.6310811042785645, "loss_cls_b33": 6.66206693649292, "loss_triplet_b1": 7.2165563106536865, "loss_triplet_b2": 7.2357940673828125, "loss_triplet_b22": 9.781520366668701, "loss_triplet_b3": 7.161913633346558, "loss_triplet_b33": 11.64021110534668, "lr": 9.674000000000001e-05, "time": 0.9516928649973124, "total_loss": 96.10163068771362}
{"cls_accuracy": 0.0, "data_time": 0.0011606609914451838, "eta_seconds": 38682.80956455041, "iteration": 599, "loss_cls_b1": 6.621155261993408, "loss_cls_b2": 6.605809688568115, "loss_cls_b21": 6.62598180770874, "loss_cls_b22": 6.6277666091918945, "loss_cls_b3": 6.655728816986084, "loss_cls_b31": 6.607049465179443, "loss_cls_b32": 6.607804298400879, "loss_cls_b33": 6.601438522338867, "loss_triplet_b1": 7.072287082672119, "loss_triplet_b2": 7.053359270095825, "loss_triplet_b22": 9.533491134643555, "loss_triplet_b3": 7.039905309677124, "loss_triplet_b33": 11.31730031967163, "lr": 0.00012824, "time": 0.9464040939928964, "total_loss": 95.23766851425171}
